<?xml version="1.0" encoding="UTF-8" standalone="yes"?>
<addon id="repository.5p0ng3b0b" name="5p0ng3b0b Repo" version="1.01" provider-name="5p0ng3b0b">
	<extension point="xbmc.addon.repository" name="5p0ng3b0b Repo">
		<info compressed="false">https://raw.githubusercontent.com/5p0ng3b0b/zips/master/addons.xml</info>
		<checksum>https://raw.githubusercontent.com/5p0ng3b0b/zips/master/addons.xml.md5</checksum>
		<datadir zip="true">https://raw.githubusercontent.com/5p0ng3b0b/zips/master/</datadir>
	<dir>
		<infocompressed="false">https://raw.githubusercontent.com/totalrevolution/python-koding/master/zips/addons.xml</info>
		<checksum>https://raw.githubusercontent.com/totalrevolution/python-koding/master/zips/addons.xml.md5</checksum>
		<datadirzip="true">https://raw.githubusercontent.com/totalrevolution/python-koding/master/zips/</datadir>
	</dir>
	<dir>
		<infocompressed="false">https://raw.githubusercontent.com/teamuniversal/scrapers/master/_modules4all/zips/addons.xml</info>
		<checksum>https://raw.githubusercontent.com/teamuniversal/scrapers/master/_modules4all/zips/addons.xml.md5</checksum>
		<datadirzip="true">https://raw.githubusercontent.com/teamuniversal/scrapers/master/_modules4all/zips/</datadir>
	</dir>
	<dir>
		<infocompressed="false">https://raw.githubusercontent.com/jsergio123/zips/master/addons.xml</info>
		<checksum>https://raw.githubusercontent.com/jsergio123/zips/master/addons.xml.md5</checksum>
		<datadirzip="true">https://raw.githubusercontent.com/jsergio123/zips/master/</datadir>
	</dir>
	<dir>
		<info compressed="false">https://raw.githubusercontent.com/I-A-C/zips/master/addons.xml</info>
		<checksum>https://raw.githubusercontent.com/I-A-C/zips/master/addons.xml.md5</checksum>
		<datadir zip="true">https://raw.githubusercontent.com/I-A-C/zips/master/</datadir>
	</dir>
	<dir>
		<infocompressed="false">https://raw.githubusercontent.com/marcelveldt/repository.marcelveldt/master/addons.xml</info>
		<checksum>https://raw.githubusercontent.com/marcelveldt/repository.marcelveldt/master/addons.xml.md5</checksum>
		<datadirzip="true">https://raw.githubusercontent.com/marcelveldt/repository.marcelveldt/master/</datadir>
	</dir>
	<dir>
		<info compressed="false">http://fspmkodi.com/_repo/addons.xml</info>
		<checksum>http://fspmkodi.com/_repo/addons.xml.md5</checksum>
		<datadir zip="true">http://fspmkodi.com/_repo/</datadir>
		<hashes>false</hashes>
	</dir>
	<dir>
		<info compressed="false">https://raw.githubusercontent.com/Maverick53/modrepo/master/addons.xml</info>
		<checksum>https://raw.githubusercontent.com/Maverick53/modrepo/master/addons.xml.md5</checksum>
		<datadir zip="true">https://raw.githubusercontent.com/Maverick53/modrepo/master/plugins/</datadir>
	</dir>
	<dir>
		<info compressed="false">https://www.onenation.appboxes.co/repository/repofiles/addons.xml</info>
		<checksum>https://www.onenation.appboxes.co/repository/repofiles/addons.xml.md5</checksum>
		<datadir zip="true">https://www.onenation.appboxes.co/repository/repofiles/</datadir>
	</dir>
	<dir>
		<info compressed="false">https://raw.githubusercontent.com/duncanh52/modrepo/master/addons.xml</info>
		<checksum>https://raw.githubusercontent.com/duncanh52/modrepo/master/addons.xml.md5</checksum>
		<datadir zip="true">https://raw.githubusercontent.com/duncanh52/modrepo/master/plugins/</datadir>
	</dir>
	<dir>
		<info compressed="false">https://raw.githubusercontent.com/nemesis668/repository.streamarmy/master/addons.xml</info>
		<checksum>http://raw.githubusercontent.com/nemesis668/repository.streamarmy/master/addons.xml.md5</checksum>
		<datadir zip="true">http://raw.githubusercontent.com/nemesis668/repository.streamarmy/master/zips/</datadir>
	</dir>
	<dir>
		<info compressed="false">http://supremacy.org.uk/zip/plugin/addon.xml</info>
		<checksum>http://supremacy.org.uk/zip/plugin/addons.xml.md5</checksum>
		<datadir zip="true">http://supremacy.org.uk/zip/plugin/</datadir>
	</dir>
	<dir>
		<info compressed="false">https://raw.githubusercontent.com/noobsandnerds/modules4all/master/zips/addons.xml</info>
		<checksum>https://raw.githubusercontent.com/noobsandnerds/modules4all/master/zips/addons.xml.md5</checksum>
		<datadir zip="true">https://raw.githubusercontent.com/noobsandnerds/modules4all/master/zips/</datadir>
	</dir>
	<dir>
		<info compressed="false">https://raw.githubusercontent.com/djwayne1985/repository.T2K/master/zips/addons.xml</info>
		<checksum>https://raw.githubusercontent.com/djwayne1985/repository.T2K/master/zips/addons.xml.md5</checksum>
		<datadir zip="true">https://raw.githubusercontent.com/djwayne1985/repository.T2K/master/zips/</datadir>
	</dir>
	<dir>
		<info compressed="false">http://ukodi1.com/_repo/addons.xml</info>
		<checksum>http://ukodi1.com/_repo/addons.xml.md5</checksum>
		<datadir zip="true">http://ukodi1.com/_repo/</datadir>
		<hashes>false</hashes>
	</dir>
	<dir>
		<info compressed="false">http://raw.github.com/xbmc-adult/xbmc-adult/ghmaster/addons.xml</info>
		<checksum>http://raw.github.com/xbmc-adult/xbmc-adult/ghmaster/addons.xml.md5</checksum>
		<datadir zip="true">http://raw.github.com/xbmc-adult/xbmc-adult/ghmaster</datadir>
	</dir>
	<dir>
		<info compressed="false">https://github.com/tvaddonsco/tva-resolvers-repo/raw/master/addons.xml</info>
		<checksum>https://github.com/tvaddonsco/tva-resolvers-repo/raw/master/addons.xml.md5</checksum>
		<datadir zip="true">https://github.com/tvaddonsco/tva-resolvers-repo/raw/master/zips/</datadir>
	</dir>
	<dir>
		<info compressed="false">https://github.com/tvaddonsco/tva-release-repo/raw/master/addons.xml</info>
		<checksum>https://github.com/tvaddonsco/tva-release-repo/raw/master/addons.xml.md5</checksum>
		<datadir zip="true">https://github.com/tvaddonsco/tva-release-repo/raw/master/</datadir>
	</dir>
	<dir>
		<info compressed="false">https://raw.github.com/ddurdle/repository.ddurdle/master/addons.xml</info>
		<checksum>https://raw.github.com/ddurdle/repository.ddurdle/master/addons.xml.md5</checksum>
		<datadir zip="true">http://dmdsoftware.net/repository.ddurdle/</datadir>
	</dir>
</dir>
	</extension>
	<extension point="xbmc.addon.metadata">
		<summary lang="en">5p0ng3b0b is a educational add-on. We do not host any of the contents streamed.</summary>
		<description lang="en"></description>
		<platform>all</platform>
	</extension>
</addon>
