<?xml version="1.01" encoding="UTF-8" standalone="yes"?>
<addon id="program.5p0ng3b0b" name="5p0ng3b0b Wizard" version="1.08" provider-name="5p0ng3b0b">
  <requires>
    <import addon="xbmc.python" version="2.1.0"/>
  </requires>
  <extension point="xbmc.python.pluginsource" library="default.py">
        <provides>executable</provides>
  </extension>
  <extension point="xbmc.addon.metadata">
    <summary lang="en">5p0ng3b0b</summary>
    <description lang="en">the easy way to update</description>
    <platform>all</platform>
  </extension>
</addon>
