<?xml version='1.0' encoding='UTF-8'?>
<shortcuts>
	<shortcut>
		<defaultID />
		<label>New Albums</label>
		<label2>Music Add-On</label2>
		<icon>DefaultShortcut.png</icon>
		<thumb>image://%2fstorage%2femulated%2f0%2fAndroid%2fdata%2forg.xbmc.kodi%2ffiles%2f.kodi%2faddons%2fplugin.audio.mp3streams%2fart%2fnewalbums.jpg/</thumb>
		<action>ActivateWindow(Music,"plugin://plugin.audio.mp3streams/?url=http%3A%2F%2Fmusicmp3.ru%2Fnew_albums.html&amp;mode=12&amp;name=New+Albums&amp;iconimage=%2Fstorage%2Femulated%2F0%2FAndroid%2Fdata%2Forg.xbmc.kodi%2Ffiles%2F.kodi%2Faddons%2Fplugin.audio.mp3streams%2Fart%2Fnewalbums.jpg&amp;list=new albums&lt;&gt;http://musicmp3.ru/new_albums.html&lt;&gt;/storage/emulated/0/Android/data/org.xbmc.kodi/files/.kodi/addons/plugin.audio.mp3streams/art/newalbums.jpg&amp;type=",return)</action>
	</shortcut>
	<shortcut>
		<defaultID />
		<label>Music Videos</label>
		<label2>Music Add-On</label2>
		<icon>DefaultShortcut.png</icon>
		<thumb>image://http%3a%2f%2fkinkin-xbmc-repository.googlecode.com%2fsvn%2ftrunk%2fzips%2fplugin.audio.binaural%2fart%2fartists.jpg/</thumb>
		<action>ActivateWindow(Music,"plugin://plugin.audio.binaural/?url=http%3A%2F%2Fimvdb.com%2Fpicks&amp;mode=1302&amp;name=Best+New+Music+Videos&amp;iconimage=http%3A%2F%2Fkinkin-xbmc-repository.googlecode.com%2Fsvn%2Ftrunk%2Fzips%2Fplugin.audio.binaural%2Fart%2Fartists.jpg&amp;artist=n",return)</action>
	</shortcut>
	<shortcut>
		<defaultID>plugin.audio.radio_de/stations/country/United+Kingdom/</defaultID>
		<label>UK Radio</label>
		<label2>Music Add-On</label2>
		<icon>DefaultShortcut.png</icon>
		<thumb>image://%2fstorage%2femulated%2f0%2fAndroid%2fdata%2forg.xbmc.kodi%2ffiles%2f.kodi%2faddons%2fplugin.audio.radio_de%2ficon.png/</thumb>
		<action>ActivateWindow(Music,"plugin://plugin.audio.radio_de/stations/country/United+Kingdom/",return)</action>
	</shortcut>
	<shortcut>
		<defaultID>plugin.audio.soundcloud/explore/</defaultID>
		<label>SoundCloud</label>
		<label2>Music Add-On</label2>
		<icon>DefaultShortcut.png</icon>
		<thumb>image://%2fstorage%2femulated%2f0%2fAndroid%2fdata%2forg.xbmc.kodi%2ffiles%2f.kodi%2faddons%2fplugin.audio.soundcloud%2fresources%2fmedia%2fexplore.png/</thumb>
		<action>ActivateWindow(Music,"plugin://plugin.audio.soundcloud/explore/",return)</action>
	</shortcut>
	<shortcut>
		<defaultID />
		<label>Concerts 1</label>
		<label2>Video Add-On</label2>
		<icon>DefaultShortcut.png</icon>
		<thumb>image://http%3a%2f%2fukodi1.com%2fWOW%2fARTWORK%2ffirecat.png/</thumb>
		<action>ActivateWindow(Videos,"plugin://plugin.video.wow/?mode=get_list&amp;url=http%3A%2F%2Fukodi1.com%2FWOW%2FFirecat%2FMusicandRadio%2Fconcerts.xml&amp;name=%5BCOLOR+gold%5D%5BB%5DConcerts%5B%2FB%5D%5B%2FCOLOR%5D&amp;iconimage=http%3A%2F%2Fukodi1.com%2FWOW%2FARTWORK%2Ffirecat.png&amp;fanart=http%3A%2F%2Fukodi1.com%2FWOW%2FARTWORK%2Ffirecat.jpg&amp;description=No+information+available",return)</action>
	</shortcut>
	<shortcut>
		<defaultID />
		<label>Concerts 2</label>
		<label2>Video Add-On</label2>
		<icon>DefaultShortcut.png</icon>
		<thumb>image://http%3a%2f%2fstephen-builds.uk%2fart%2f200.png/</thumb>
		<action>ActivateWindow(Videos,"plugin://plugin.video.Atriox/?mode=get_list&amp;url=http%3A%2F%2Fsupremacy.org.uk%2FAtriox%2FConcerts.xml&amp;name=%5BCOLORyellow%5DConcerts%5B%2FCOLOR%5D&amp;iconimage=http%3A%2F%2Fstephen-builds.uk%2Fart%2F200.png&amp;fanart=http%3A%2F%2Fstephen-builds.uk%2Fart%2FRyGUFw.jpg&amp;description=No+information+available",return)</action>
	</shortcut>
	<shortcut>
		<defaultID />
		<label>Karaoke</label>
		<label2>Video Add-On</label2>
		<icon>DefaultShortcut.png</icon>
		<thumb>image://http%3a%2f%2fstephen-builds.uk%2fart%2fSupremacy%2520Karaoke.png/</thumb>
		<action>ActivateWindow(Videos,"plugin://plugin.video.supremacy/?url=http%3A%2F%2Fstephen-builds.uk%2Fsupremacy%2FSupremacy%2520Karaoke%2FKaraoke.txt&amp;mode=1&amp;name=%5BCOLOR+aqua%5DSupremacy+Karaoke%5B%2FCOLOR%5D&amp;fanart=http%3A%2F%2Fstephen-builds.uk%2Fart%2F20839702_10207884860798337_363786087_o.jpg",return)</action>
	</shortcut>
</shortcuts>
