<?xml version='1.0' encoding='UTF-8'?>
<shortcuts>
	<shortcut>
		<defaultID />
		<label>New Movies</label>
		<label2>Video Add-On</label2>
		<icon>DefaultShortcut.png</icon>
		<thumb>image://%2fsdcard%2fkodi%2f.mygica%2faddons%2fscript.exodusredux.artwork%2fresources%2fmedia%2fexodus%2flatest-movies.png/</thumb>
		<action>ActivateWindow(Videos,"plugin://plugin.video.exodusredux/?action=movieWidget",return)</action>
	</shortcut>
	<shortcut>
		<defaultID />
		<label>New HD Releases</label>
		<label2>Video Add-On</label2>
		<icon>DefaultShortcut.png</icon>
		<thumb>image://http%3a%2f%2fsupremacy.org.uk%2ftombraider%2fdogsbollocks%2fIcons%2fdbicon.jpg/</thumb>
		<action>ActivateWindow(Videos,"plugin://plugin.video.themagicdragon/?url=http%3A%2F%2Fsupremacy.org.uk%2Ftombraider%2Fdogsbollocks%2Fnewreleases.txt&amp;mode=1&amp;name=%5BB%5D%5BI%5D%5BCOLORlime%5DNew+Movie+Releases%5B%2FB%5D%5B%2FI%5D%5B%2FCOLOR%5D&amp;fanart=http%3A%2F%2Fsupremacy.org.uk%2Ftombraider%2Fdogsbollocks%2FIcons%2Ffanart.jpg",return)</action>
	</shortcut>
	<shortcut>
		<defaultID />
		<label>Movies</label>
		<label2>Video Add-On</label2>
		<icon>DefaultShortcut.png</icon>
		<thumb>image://%2fsdcard%2fkodi%2f.mygica%2faddons%2fscript.exodusredux.artwork%2fresources%2fmedia%2fexodus%2fmovies.png/</thumb>
		<action>ActivateWindow(Videos,"plugin://plugin.video.exodusredux/?action=movieNavigator",return)</action>
	</shortcut>
	<shortcut>
		<defaultID />
		<label>In Theaters</label>
		<label2>Video Add-On</label2>
		<icon>DefaultShortcut.png</icon>
		<thumb>image://%2fsdcard%2fkodi%2f.mygica%2faddons%2fscript.exodusredux.artwork%2fresources%2fmedia%2fexodus%2fin-theaters.png/</thumb>
		<action>ActivateWindow(Videos,"plugin://plugin.video.exodusredux/?action=movies&amp;url=theaters",return)</action>
	</shortcut>
	<shortcut>
		<defaultID />
		<label>Search</label>
		<label2>Custom item</label2>
		<icon>DefaultShortcut.png</icon>
		<thumb>image://%2fsdcard%2fkodi%2f.mygica%2faddons%2fscript.exodusredux.artwork%2fresources%2fmedia%2fexodus%2fsearch.png/</thumb>
		<action>ActivateWindow(Videos,"plugin://plugin.video.exodusredux/?action=movieSearchnew",return)</action>
	</shortcut>
</shortcuts>
