<?xml version='1.0' encoding='UTF-8'?>
<shortcuts>
	<shortcut>
		<defaultID>plugin.video.TBMV2/list_channels/1</defaultID>
		<label>Sports Channels</label>
		<label2>Video Add-On</label2>
		<icon>DefaultShortcut.png</icon>
		<thumb>image://%2fsdcard%2fkodi%2f.mygica%2faddons%2fplugin.video.TBMV2%2ficon.png/</thumb>
		<action>ActivateWindow(Videos,"plugin://plugin.video.TBMV2/list_channels/1",return)</action>
	</shortcut>
	<shortcut>
		<defaultID />
		<label>Deceipt Events</label>
		<label2>Music Add-On</label2>
		<icon>DefaultShortcut.png</icon>
		<thumb>image://http%3a%2f%2fwww.deceitaddon.co.uk%2fArtwork%2fMainart%2fsportsstreams.png/</thumb>
		<action>ActivateWindow(Music,"plugin://plugin.video.deceit/?mode=get_list&amp;url=http%3A%2F%2Fwww.deceitaddon.co.uk%2FXmls%2FMainMenuXmls%2FSportXmls%2Fcollusionevents.xml&amp;name=%5BCOLORwhite%5D%5BB%5DCOLLUSION+ONE-OFF+EVENTS%5B%2FCOLOR%5D%5B%2FB%5D&amp;iconimage=http%3A%2F%2Fwww.deceitaddon.co.uk%2FArtwork%2FMainart%2Fsportsstreams.png&amp;fanart=%2Fsdcard%2Fkodi%2F.mygica%2Faddons%2Fplugin.video.deceit%2Ffanart.jpg&amp;description=No+information+available",return)</action>
	</shortcut>
	<shortcut>
		<defaultID />
		<label>3pm Kick Offs</label>
		<label2>Video Add-On</label2>
		<icon>DefaultShortcut.png</icon>
		<thumb>image://https%3a%2f%2fi.imgur.com%2fOLdtTO3.png/</thumb>
		<action>ActivateWindow(Videos,"plugin://plugin.video.JokerSports/?mode=Sport_Stream&amp;url=games&amp;name=%5BCOLOR+lime%5D%5BB%5D3pm+Kick+Offs+%2F+Live+Sports%5B%2FB%5D%5B%2FCOLOR%5D&amp;iconimage=https%3A%2F%2Fi.imgur.com%2FOLdtTO3.png&amp;fanart=https%3A%2F%2Fi.imgur.com%2FEWFZ5ir.jpg&amp;description=No+information+available",return)</action>
	</shortcut>
	<shortcut>
		<defaultID>plugin.video.JokerSports</defaultID>
		<label>Joker Sports</label>
		<label2>Video Add-On</label2>
		<icon>DefaultShortcut.png</icon>
		<thumb>image://%2fsdcard%2fkodi%2f.mygica%2faddons%2fplugin.video.JokerSports%2ficon.png/</thumb>
		<action>ActivateWindow(Videos,"plugin://plugin.video.JokerSports",return)</action>
	</shortcut>
	<shortcut>
		<defaultID />
		<label>Sports Center</label>
		<label2>Video Add-On</label2>
		<icon>DefaultShortcut.png</icon>
		<thumb>image://https%3a%2f%2fi.pinimg.com%2f736x%2fa2%2fb9%2f7c%2fa2b97c577ff82928cc53591c33ba8f75--stream-online-daytona--live.jpg/</thumb>
		<action>ActivateWindow(Videos,"plugin://plugin.video.wow/?mode=Sport_Stream&amp;url=games&amp;name=%5BCOLOR+gold%5D%5BB%5DSports+Center%5B%2FB%5D%5B%2FCOLOR%5D&amp;iconimage=https%3A%2F%2Fi.pinimg.com%2F736x%2Fa2%2Fb9%2F7c%2Fa2b97c577ff82928cc53591c33ba8f75--stream-online-daytona--live.jpg&amp;fanart=http%3A%2F%2Fukodi1.com%2FWOW%2FARTWORK%2Ffirecat.jpg&amp;description=No+information+available",return)</action>
	</shortcut>
	<shortcut>
		<defaultID>plugin.video.SportsDevil</defaultID>
		<label>SportsDevil</label>
		<label2>Video Add-On</label2>
		<icon>DefaultShortcut.png</icon>
		<thumb>image://%2fstorage%2femulated%2f0%2fAndroid%2fdata%2forg.xbmc.kodi%2ffiles%2f.kodi%2faddons%2fplugin.video.SportsDevil%2ficon.png/</thumb>
		<action>ActivateWindow(VideoLibrary,"plugin://plugin.video.SportsDevil",return)</action>
	</shortcut>
	<shortcut>
		<defaultID>plugin.video.football.today</defaultID>
		<label>Football Today</label>
		<label2>Video Add-On</label2>
		<icon>DefaultShortcut.png</icon>
		<thumb>image://%2fstorage%2femulated%2f0%2fAndroid%2fdata%2forg.xbmc.kodi%2ffiles%2f.kodi%2faddons%2fplugin.video.football.today%2ficon.png/</thumb>
		<action>ActivateWindow(Videos,"plugin://plugin.video.football.today",return)</action>
	</shortcut>
	<shortcut>
		<defaultID>plugin.video.sportsworld</defaultID>
		<label>Sports World</label>
		<label2>Video Add-On</label2>
		<icon>DefaultShortcut.png</icon>
		<thumb>image://%2fstorage%2femulated%2f0%2fAndroid%2fdata%2forg.xbmc.kodi%2ffiles%2f.kodi%2faddons%2fplugin.video.sportsworld%2ficon.png/</thumb>
		<action>ActivateWindow(Videos,"plugin://plugin.video.sportsworld",return)</action>
	</shortcut>
</shortcuts>
