<?xml version='1.0' encoding='UTF-8'?>
<shortcuts>
	<shortcut>
		<defaultID>4</defaultID>
		<label>4</label>
		<label2 />
		<icon>DefaultShortcut.png</icon>
		<thumb />
		<action>RunAddon(script.tv.show.next.aired,return)</action>
		<visible>System.HasAddon(script.tv.show.next.aired)</visible>
	</shortcut>
	<shortcut>
		<defaultID />
		<label>Trending Shows</label>
		<label2>Video Add-On</label2>
		<icon>DefaultShortcut.png</icon>
		<thumb>image://%2fsdcard%2fkodi%2f.mygica%2faddons%2fscript.exodusredux.artwork%2fresources%2fmedia%2fexodus%2fmost-popular.png/</thumb>
		<action>ActivateWindow(Videos,"plugin://plugin.video.exodusredux/?action=tvshows&amp;url=popular",return)</action>
	</shortcut>
	<shortcut>
		<defaultID>plugin.video.iplayerwww</defaultID>
		<label>iPlayer</label>
		<label2>Video Add-On</label2>
		<icon>DefaultShortcut.png</icon>
		<thumb>image://%2fstorage%2femulated%2f0%2fAndroid%2fdata%2forg.xbmc.kodi%2ffiles%2f.kodi%2faddons%2fplugin.video.iplayerwww%2ficon.png/</thumb>
		<action>ActivateWindow(VideoLibrary,"plugin://plugin.video.iplayerwww",return)</action>
	</shortcut>
	<shortcut>
		<defaultID />
		<label>ITV Player</label>
		<label2>Custom item</label2>
		<icon>DefaultShortcut.png</icon>
		<thumb>image://%2fstorage%2femulated%2f0%2fAndroid%2fdata%2forg.xbmc.kodi%2ffiles%2f.kodi%2faddons%2fplugin.video.itv%2ficon.png/</thumb>
		<action>ActivateWindow(Videos,"plugin://plugin.video.itv/?url=cats&amp;mode=205&amp;name=Categories&amp;iconimage=%2Fstorage%2Femulated%2F0%2FAndroid%2Fdata%2Forg.xbmc.kodi%2Ffiles%2F.kodi%2Faddons%2Fplugin.video.itv%2Ficon.png",return)</action>
	</shortcut>
	<shortcut>
		<defaultID />
		<label>TV Catch Up</label>
		<label2>Video Add-On</label2>
		<icon>DefaultShortcut.png</icon>
		<thumb>image://https%3a%2f%2fi.imgur.com%2fbx7gtsH.png/</thumb>
		<action>ActivateWindow(Videos,"plugin://plugin.video.Atriox/?mode=country&amp;url=country%2FUnited+Kingdom%2F1&amp;name=%5BCOLORyellow%5DUK+TV+Catch+Up%5B%2FCOLOR%5D&amp;iconimage=https%3A%2F%2Fi.imgur.com%2Fbx7gtsH.png&amp;fanart=https%3A%2F%2Fi.imgur.com%2FBE63y4r.jpg&amp;description=No+information+available",return)</action>
	</shortcut>
	<shortcut>
		<defaultID>plugin.video.yt-comedy</defaultID>
		<label>Classic Comedy</label>
		<label2>Video Add-On</label2>
		<icon>DefaultShortcut.png</icon>
		<thumb>image://%2fstorage%2femulated%2f0%2fAndroid%2fdata%2forg.xbmc.kodi%2ffiles%2f.kodi%2faddons%2fplugin.video.yt-comedy%2ficon.png/</thumb>
		<action>ActivateWindow(VideoLibrary,"plugin://plugin.video.yt-comedy",return)</action>
	</shortcut>
	<shortcut>
		<defaultID />
		<label>TV Show Search</label>
		<label2>Video Add-On</label2>
		<icon>DefaultShortcut.png</icon>
		<thumb>image://%2fsdcard%2fkodi%2f.mygica%2faddons%2fscript.exodusredux.artwork%2fresources%2fmedia%2fexodus%2fsearch.png/</thumb>
		<action>ActivateWindow(Videos,"plugin://plugin.video.exodusredux/?action=tvSearchnew",return)</action>
	</shortcut>
</shortcuts>
