<?xml version='1.0' encoding='UTF-8'?>
<shortcuts>
	<shortcut>
		<defaultID>plugin.video.TBMV2</defaultID>
		<label>TV Channels</label>
		<label2>Video Add-On</label2>
		<icon>DefaultShortcut.png</icon>
		<thumb>image://%2fsdcard%2fkodi%2f.mygica%2faddons%2fplugin.video.TBMV2%2ficon.png/</thumb>
		<action>ActivateWindow(Videos,"plugin://plugin.video.TBMV2",return)</action>
	</shortcut>
	<shortcut>
		<defaultID />
		<label>BBC 1</label>
		<label2>Favourite</label2>
		<icon>DefaultFolder.png</icon>
		<thumb>http://212.129.54.17:4040/assest/img/files/bbc_one.png|User-Agent=Dalvik%2F2.1.0%20%28Linux%3B%20U%3B%20Android%205.1.1%3B%20AFTS%20Build%2FLVY48F%29</thumb>
		<action>PlayMedia("plugin://plugin.video.TBMV2/play/MTM3w/play.pvr",return)</action>
	</shortcut>
	<shortcut>
		<defaultID />
		<label>BBC 2</label>
		<label2>Favourite</label2>
		<icon>DefaultFolder.png</icon>
		<thumb>http://212.129.54.17:4040/assest/img/files/bbc_two.png|User-Agent=Dalvik%2F2.1.0%20%28Linux%3B%20U%3B%20Android%205.1.1%3B%20AFTS%20Build%2FLVY48F%29</thumb>
		<action>PlayMedia("plugin://plugin.video.TBMV2/play/MTM4w/play.pvr",return)</action>
	</shortcut>
	<shortcut>
		<defaultID />
		<label>ITV 1</label>
		<label2>Favourite</label2>
		<icon>DefaultFolder.png</icon>
		<thumb>http://212.129.54.17:4040/assest/img/files/itv1.png|User-Agent=Dalvik%2F2.1.0%20%28Linux%3B%20U%3B%20Android%205.1.1%3B%20AFTS%20Build%2FLVY48F%29</thumb>
		<action>PlayMedia("plugin://plugin.video.TBMV2/play/MTMzw/play.pvr",return)</action>
	</shortcut>
	<shortcut>
		<defaultID />
		<label>Channel 4</label>
		<label2>Favourite</label2>
		<icon>DefaultFolder.png</icon>
		<thumb>http://212.129.54.17:4040/assest/img/files/channel4.png|User-Agent=Dalvik%2F2.1.0%20%28Linux%3B%20U%3B%20Android%205.1.1%3B%20AFTS%20Build%2FLVY48F%29</thumb>
		<action>PlayMedia("plugin://plugin.video.TBMV2/play/MTQ0w/play.pvr",return)</action>
	</shortcut>
	<shortcut>
		<defaultID />
		<label>Channel 5</label>
		<label2>Favourite</label2>
		<icon>DefaultFolder.png</icon>
		<thumb>http://212.129.54.17:4040/assest/img/files/channel5.png|User-Agent=Dalvik%2F2.1.0%20%28Linux%3B%20U%3B%20Android%205.1.1%3B%20AFTS%20Build%2FLVY48F%29</thumb>
		<action>PlayMedia("plugin://plugin.video.TBMV2/play/MTQ1w/play.pvr",return)</action>
	</shortcut>
	<shortcut>
		<defaultID />
		<label>ITV 2</label>
		<label2>Favourite</label2>
		<icon>DefaultFolder.png</icon>
		<thumb>http://212.129.54.17:4040/assest/img/files/itv2.png|User-Agent=Dalvik%2F2.1.0%20%28Linux%3B%20U%3B%20Android%205.1.1%3B%20AFTS%20Build%2FLVY48F%29</thumb>
		<action>PlayMedia("plugin://plugin.video.TBMV2/play/MTM0w/play.pvr",return)</action>
	</shortcut>
	<shortcut>
		<defaultID />
		<label>BBC 4</label>
		<label2>Favourite</label2>
		<icon>DefaultFolder.png</icon>
		<thumb>http://212.129.54.17:4040/assest/img/files/bbc_four.png|User-Agent=Dalvik%2F2.1.0%20%28Linux%3B%20U%3B%20Android%205.1.1%3B%20AFTS%20Build%2FLVY48F%29</thumb>
		<action>PlayMedia("plugin://plugin.video.TBMV2/play/MTQww/play.pvr",return)</action>
	</shortcut>
	<shortcut>
		<defaultID />
		<label>ITV 3</label>
		<label2>Favourite</label2>
		<icon>DefaultFolder.png</icon>
		<thumb>http://212.129.54.17:4040/assest/img/files/itv3.png|User-Agent=Dalvik%2F2.1.0%20%28Linux%3B%20U%3B%20Android%205.1.1%3B%20AFTS%20Build%2FLVY48F%29</thumb>
		<action>PlayMedia("plugin://plugin.video.TBMV2/play/MTM1w/play.pvr",return)</action>
	</shortcut>
	<shortcut>
		<defaultID />
		<label>ITV 4</label>
		<label2>Favourite</label2>
		<icon>DefaultFolder.png</icon>
		<thumb>http://212.129.54.17:4040/assest/img/files/itv4.png|User-Agent=Dalvik%2F2.1.0%20%28Linux%3B%20U%3B%20Android%205.1.1%3B%20AFTS%20Build%2FLVY48F%29</thumb>
		<action>PlayMedia("plugin://plugin.video.TBMV2/play/MTM2w/play.pvr",return)</action>
	</shortcut>
	<shortcut>
		<defaultID />
		<label>E4</label>
		<label2>Favourite</label2>
		<icon>DefaultFolder.png</icon>
		<thumb>http://212.129.54.17:4040/assest/img/files/e4.png|User-Agent=Dalvik%2F2.1.0%20%28Linux%3B%20U%3B%20Android%205.1.1%3B%20AFTS%20Build%2FLVY48F%29</thumb>
		<action>PlayMedia("plugin://plugin.video.TBMV2/play/MTQ2w/play.pvr",return)</action>
	</shortcut>
	<shortcut>
		<defaultID />
		<label>More 4</label>
		<label2>Favourite</label2>
		<icon>DefaultFolder.png</icon>
		<thumb>http://212.129.54.17:4040/assest/img/files/more4.png|User-Agent=Dalvik%2F2.1.0%20%28Linux%3B%20U%3B%20Android%205.1.1%3B%20AFTS%20Build%2FLVY48F%29</thumb>
		<action>PlayMedia("plugin://plugin.video.TBMV2/play/MjQww/play.pvr",return)</action>
	</shortcut>
	<shortcut>
		<defaultID />
		<label>Film 4</label>
		<label2>Favourite</label2>
		<icon>DefaultFolder.png</icon>
		<thumb>http://212.129.54.17:4040/assest/img/files/film4.png|User-Agent=Dalvik%2F2.1.0%20%28Linux%3B%20U%3B%20Android%205.1.1%3B%20AFTS%20Build%2FLVY48F%29</thumb>
		<action>PlayMedia("plugin://plugin.video.TBMV2/play/MjQ1w/play.pvr",return)</action>
	</shortcut>
	<shortcut>
		<defaultID />
		<label>Five Star</label>
		<label2>Favourite</label2>
		<icon>DefaultFolder.png</icon>
		<thumb>http://212.129.54.17:4040/assest/img/files/5star.png|User-Agent=Dalvik%2F2.1.0%20%28Linux%3B%20U%3B%20Android%205.1.1%3B%20AFTS%20Build%2FLVY48F%29</thumb>
		<action>PlayMedia("plugin://plugin.video.TBMV2/play/MjQxw/play.pvr",return)</action>
	</shortcut>
	<shortcut>
		<defaultID />
		<label>Five USA</label>
		<label2>Favourite</label2>
		<icon>DefaultFolder.png</icon>
		<thumb>http://212.129.54.17:4040/assest/img/files/5USA.png|User-Agent=Dalvik%2F2.1.0%20%28Linux%3B%20U%3B%20Android%205.1.1%3B%20AFTS%20Build%2FLVY48F%29</thumb>
		<action>PlayMedia("plugin://plugin.video.TBMV2/play/Mjgzw/play.pvr",return)</action>
	</shortcut>
	<shortcut>
		<defaultID />
		<label>Sky 1</label>
		<label2>Favourite</label2>
		<icon>DefaultFolder.png</icon>
		<thumb>http://212.129.54.17:4040/assest/img/files/sky_1.png|User-Agent=Dalvik%2F2.1.0%20%28Linux%3B%20U%3B%20Android%205.1.1%3B%20AFTS%20Build%2FLVY48F%29</thumb>
		<action>PlayMedia("plugin://plugin.video.TBMV2/play/MjY4w/play.pvr",return)</action>
	</shortcut>
	<shortcut>
		<defaultID />
		<label>Sky 2</label>
		<label2>Favourite</label2>
		<icon>DefaultFolder.png</icon>
		<thumb>http://212.129.54.17:4040/assest/img/files/sky_2.png|User-Agent=Dalvik%2F2.1.0%20%28Linux%3B%20U%3B%20Android%205.1.1%3B%20AFTS%20Build%2FLVY48F%29</thumb>
		<action>PlayMedia("plugin://plugin.video.TBMV2/play/MjY5w/play.pvr",return)</action>
	</shortcut>
	<shortcut>
		<defaultID />
		<label>Sky Atlantic</label>
		<label2>Favourite</label2>
		<icon>DefaultFolder.png</icon>
		<thumb>http://212.129.54.17:4040/assest/img/files/sky_atlantic.png|User-Agent=Dalvik%2F2.1.0%20%28Linux%3B%20U%3B%20Android%205.1.1%3B%20AFTS%20Build%2FLVY48F%29</thumb>
		<action>PlayMedia("plugin://plugin.video.TBMV2/play/Mjc5w/play.pvr",return)</action>
	</shortcut>
	<shortcut>
		<defaultID />
		<label>Spike</label>
		<label2>Favourite</label2>
		<icon>DefaultFolder.png</icon>
		<thumb>http://212.129.54.17:4040/assest/img/files/spike.png|User-Agent=Dalvik%2F2.1.0%20%28Linux%3B%20U%3B%20Android%205.1.1%3B%20AFTS%20Build%2FLVY48F%29</thumb>
		<action>PlayMedia("plugin://plugin.video.TBMV2/play/NDY5w/play.pvr",return)</action>
	</shortcut>
	<shortcut>
		<defaultID />
		<label>Dave</label>
		<label2>Favourite</label2>
		<icon>DefaultFolder.png</icon>
		<thumb>http://212.129.54.17:4040/assest/img/files/dave.png|User-Agent=Dalvik%2F2.1.0%20%28Linux%3B%20U%3B%20Android%205.1.1%3B%20AFTS%20Build%2FLVY48F%29</thumb>
		<action>PlayMedia("plugin://plugin.video.TBMV2/play/Mzk1w/play.pvr",return)</action>
	</shortcut>
	<shortcut>
		<defaultID />
		<label>Comedy Central</label>
		<label2>Favourite</label2>
		<icon>DefaultFolder.png</icon>
		<thumb>http://212.129.54.17:4040/assest/img/files/comedy_central.png|User-Agent=Dalvik%2F2.1.0%20%28Linux%3B%20U%3B%20Android%205.1.1%3B%20AFTS%20Build%2FLVY48F%29</thumb>
		<action>PlayMedia("plugin://plugin.video.TBMV2/play/MTMwNw==w/play.pvr",return)</action>
	</shortcut>
	<shortcut>
		<defaultID />
		<label>Pick TV</label>
		<label2>Favourite</label2>
		<icon>DefaultFolder.png</icon>
		<thumb>http://212.129.54.17:4040/assest/img/files/pick.png|User-Agent=Dalvik%2F2.1.0%20%28Linux%3B%20U%3B%20Android%205.1.1%3B%20AFTS%20Build%2FLVY48F%29</thumb>
		<action>PlayMedia("plugin://plugin.video.TBMV2/play/NDc1w/play.pvr",return)</action>
	</shortcut>
	<shortcut>
		<defaultID />
		<label>Gold UK</label>
		<label2>Favourite</label2>
		<icon>DefaultFolder.png</icon>
		<thumb>http://212.129.54.17:4040/assest/img/files/gold_uk.png|User-Agent=Dalvik%2F2.1.0%20%28Linux%3B%20U%3B%20Android%205.1.1%3B%20AFTS%20Build%2FLVY48F%29</thumb>
		<action>PlayMedia("plugin://plugin.video.TBMV2/play/NDMww/play.pvr",return)</action>
	</shortcut>
	<shortcut>
		<defaultID />
		<label>Quest</label>
		<label2>Favourite</label2>
		<icon>DefaultFolder.png</icon>
		<thumb>http://212.129.54.17:4040/assest/img/files/quest.png|User-Agent=Dalvik%2F2.1.0%20%28Linux%3B%20U%3B%20Android%205.1.1%3B%20AFTS%20Build%2FLVY48F%29</thumb>
		<action>PlayMedia("plugin://plugin.video.TBMV2/play/NDc2w/play.pvr",return)</action>
	</shortcut>
	<shortcut>
		<defaultID />
		<label>Watch</label>
		<label2>Favourite</label2>
		<icon>DefaultFolder.png</icon>
		<thumb>http://212.129.54.17:4040/assest/img/files/watch.png|User-Agent=Dalvik%2F2.1.0%20%28Linux%3B%20U%3B%20Android%205.1.1%3B%20AFTS%20Build%2FLVY48F%29</thumb>
		<action>PlayMedia("plugin://plugin.video.TBMV2/play/NjA5w/play.pvr",return)</action>
	</shortcut>
	<shortcut>
		<defaultID />
		<label>Yesterday</label>
		<label2>Favourite</label2>
		<icon>DefaultFolder.png</icon>
		<thumb>http://212.129.54.17:4040/assest/img/files/yesterday.png|User-Agent=Dalvik%2F2.1.0%20%28Linux%3B%20U%3B%20Android%205.1.1%3B%20AFTS%20Build%2FLVY48F%29</thumb>
		<action>PlayMedia("plugin://plugin.video.TBMV2/play/NDc0w/play.pvr",return)</action>
	</shortcut>
	<shortcut>
		<defaultID />
		<label>SyFy</label>
		<label2>Favourite</label2>
		<icon>DefaultFolder.png</icon>
		<thumb>http://212.129.54.17:4040/assest/img/files/syfy.png|User-Agent=Dalvik%2F2.1.0%20%28Linux%3B%20U%3B%20Android%205.1.1%3B%20AFTS%20Build%2FLVY48F%29</thumb>
		<action>PlayMedia("plugin://plugin.video.TBMV2/play/NjA4w/play.pvr",return)</action>
	</shortcut>
	<shortcut>
		<defaultID />
		<label>BBC News</label>
		<label2>Favourite</label2>
		<icon>DefaultFolder.png</icon>
		<thumb>http://212.129.54.17:4040/assest/img/files/bbc_news.png|User-Agent=Dalvik%2F2.1.0%20%28Linux%3B%20U%3B%20Android%205.1.1%3B%20AFTS%20Build%2FLVY48F%29</thumb>
		<action>PlayMedia("plugin://plugin.video.TBMV2/play/OTQ4w/play.pvr",return)</action>
	</shortcut>
	<shortcut>
		<defaultID />
		<label>CBBC</label>
		<label2>Favourite</label2>
		<icon>DefaultFolder.png</icon>
		<thumb>http://212.129.54.17:4040/assest/img/files/ccbc.png|User-Agent=Dalvik%2F2.1.0%20%28Linux%3B%20U%3B%20Android%205.1.1%3B%20AFTS%20Build%2FLVY48F%29</thumb>
		<action>PlayMedia("plugin://plugin.video.TBMV2/play/MTQ3w/play.pvr",return)</action>
	</shortcut>
	<shortcut>
		<defaultID />
		<label>Disney Channel</label>
		<label2>Favourite</label2>
		<icon>DefaultFolder.png</icon>
		<thumb>http://212.129.54.17:4040/assest/img/files/disney_channel.png|User-Agent=Dalvik%2F2.1.0%20%28Linux%3B%20U%3B%20Android%205.1.1%3B%20AFTS%20Build%2FLVY48F%29</thumb>
		<action>PlayMedia("plugin://plugin.video.TBMV2/play/NzQww/play.pvr",return)</action>
	</shortcut>
	<shortcut>
		<defaultID />
		<label>Disney XD</label>
		<label2>Favourite</label2>
		<icon>DefaultFolder.png</icon>
		<thumb>http://212.129.54.17:4040/assest/img/files/disney_xd.png|User-Agent=Dalvik%2F2.1.0%20%28Linux%3B%20U%3B%20Android%205.1.1%3B%20AFTS%20Build%2FLVY48F%29</thumb>
		<action>PlayMedia("plugin://plugin.video.TBMV2/play/MjQ5w/play.pvr",return)</action>
	</shortcut>
	<shortcut>
		<defaultID />
		<label>Disney Junior</label>
		<label2>Favourite</label2>
		<icon>DefaultFolder.png</icon>
		<thumb>http://212.129.54.17:4040/assest/img/files/disney_junior.png|User-Agent=Dalvik%2F2.1.0%20%28Linux%3B%20U%3B%20Android%205.1.1%3B%20AFTS%20Build%2FLVY48F%29</thumb>
		<action>PlayMedia("plugin://plugin.video.TBMV2/play/NDEzw/play.pvr",return)</action>
	</shortcut>
	<shortcut>
		<defaultID />
		<label>Cartoon Network</label>
		<label2>Favourite</label2>
		<icon>DefaultFolder.png</icon>
		<thumb>http://212.129.54.17:4040/assest/img/files/cartoon_network.png|User-Agent=Dalvik%2F2.1.0%20%28Linux%3B%20U%3B%20Android%205.1.1%3B%20AFTS%20Build%2FLVY48F%29</thumb>
		<action>PlayMedia("plugin://plugin.video.TBMV2/play/MjYww/play.pvr",return)</action>
	</shortcut>
	<shortcut>
		<defaultID />
		<label>Nickelodeon</label>
		<label2>Favourite</label2>
		<icon>DefaultFolder.png</icon>
		<thumb>http://212.129.54.17:4040/assest/img/files/nick.png|User-Agent=Dalvik%2F2.1.0%20%28Linux%3B%20U%3B%20Android%205.1.1%3B%20AFTS%20Build%2FLVY48F%29</thumb>
		<action>PlayMedia("plugin://plugin.video.TBMV2/play/MjYxw/play.pvr",return)</action>
	</shortcut>
	<shortcut>
		<defaultID />
		<label>Nick Toons</label>
		<label2>Favourite</label2>
		<icon>DefaultFolder.png</icon>
		<thumb>http://212.129.54.17:4040/assest/img/files/nick_toons.png|User-Agent=Dalvik%2F2.1.0%20%28Linux%3B%20U%3B%20Android%205.1.1%3B%20AFTS%20Build%2FLVY48F%29</thumb>
		<action>PlayMedia("plugin://plugin.video.TBMV2/play/MjYyw/play.pvr",return)</action>
	</shortcut>
	<shortcut>
		<defaultID />
		<label>Nick Jr</label>
		<label2>Favourite</label2>
		<icon>DefaultFolder.png</icon>
		<thumb>http://212.129.54.17:4040/assest/img/files/nick_jr.png|User-Agent=Dalvik%2F2.1.0%20%28Linux%3B%20U%3B%20Android%205.1.1%3B%20AFTS%20Build%2FLVY48F%29</thumb>
		<action>PlayMedia("plugin://plugin.video.TBMV2/play/Mjc2w/play.pvr",return)</action>
	</shortcut>
	<shortcut>
		<defaultID />
		<label>Pop</label>
		<label2>Favourite</label2>
		<icon>DefaultFolder.png</icon>
		<thumb>http://212.129.54.17:4040/assest/img/files/pop.png|User-Agent=Dalvik%2F2.1.0%20%28Linux%3B%20U%3B%20Android%205.1.1%3B%20AFTS%20Build%2FLVY48F%29</thumb>
		<action>PlayMedia("plugin://plugin.video.TBMV2/play/NzQ3w/play.pvr",return)</action>
	</shortcut>
	<shortcut>
		<defaultID />
		<label>TinyPop</label>
		<label2>Favourite</label2>
		<icon>DefaultFolder.png</icon>
		<thumb>http://212.129.54.17:4040/assest/img/files/tinypop.png|User-Agent=Dalvik%2F2.1.0%20%28Linux%3B%20U%3B%20Android%205.1.1%3B%20AFTS%20Build%2FLVY48F%29</thumb>
		<action>PlayMedia("plugin://plugin.video.TBMV2/play/NzQ0w/play.pvr",return)</action>
	</shortcut>
	<shortcut>
		<defaultID />
		<label>Baby TV</label>
		<label2>Favourite</label2>
		<icon>DefaultFolder.png</icon>
		<thumb>http://212.129.54.17:4040/assest/img/files/baby_tv.png|User-Agent=Dalvik%2F2.1.0%20%28Linux%3B%20U%3B%20Android%205.1.1%3B%20AFTS%20Build%2FLVY48F%29</thumb>
		<action>PlayMedia("plugin://plugin.video.TBMV2/play/NzQ1w/play.pvr",return)</action>
	</shortcut>
	<shortcut>
		<defaultID />
		<label>MTV</label>
		<label2>Favourite</label2>
		<icon>DefaultFolder.png</icon>
		<thumb>http://212.129.54.17:4040/assest/img/files/mtv.png|User-Agent=Dalvik%2F2.1.0%20%28Linux%3B%20U%3B%20Android%205.1.1%3B%20AFTS%20Build%2FLVY48F%29</thumb>
		<action>PlayMedia("plugin://plugin.video.TBMV2/play/MTI1MA==w/play.pvr",return)</action>
	</shortcut>
	<shortcut>
		<defaultID />
		<label>Vh1</label>
		<label2>Favourite</label2>
		<icon>DefaultFolder.png</icon>
		<thumb>http://212.129.54.17:4040/assest/img/files/vh1.png|User-Agent=Dalvik%2F2.1.0%20%28Linux%3B%20U%3B%20Android%205.1.1%3B%20AFTS%20Build%2FLVY48F%29</thumb>
		<action>PlayMedia("plugin://plugin.video.TBMV2/play/MTk3OA==w/play.pvr",return)</action>
	</shortcut>
	<shortcut>
		<defaultID />
		<label>Viva</label>
		<label2>Favourite</label2>
		<icon>DefaultFolder.png</icon>
		<thumb>http://212.129.54.17:4040/assest/img/files/viva.png|User-Agent=Dalvik%2F2.1.0%20%28Linux%3B%20U%3B%20Android%205.1.1%3B%20AFTS%20Build%2FLVY48F%29</thumb>
		<action>PlayMedia("plugin://plugin.video.TBMV2/play/OTQ1w/play.pvr",return)</action>
	</shortcut>
	<shortcut>
		<defaultID />
		<label>A&amp;E</label>
		<label2>Favourite</label2>
		<icon>DefaultFolder.png</icon>
		<thumb>http://212.129.54.17:4040/assest/img/files/ae.png|User-Agent=Dalvik%2F2.1.0%20%28Linux%3B%20U%3B%20Android%205.1.1%3B%20AFTS%20Build%2FLVY48F%29</thumb>
		<action>PlayMedia("plugin://plugin.video.TBMV2/play/MTU5w/play.pvr",return)</action>
	</shortcut>
	<shortcut>
		<defaultID />
		<label>ABC</label>
		<label2>Favourite</label2>
		<icon>DefaultFolder.png</icon>
		<thumb>http://212.129.54.17:4040/assest/img/files/abc.png|User-Agent=Dalvik%2F2.1.0%20%28Linux%3B%20U%3B%20Android%205.1.1%3B%20AFTS%20Build%2FLVY48F%29</thumb>
		<action>PlayMedia("plugin://plugin.video.TBMV2/play/Mzg2w/play.pvr",return)</action>
	</shortcut>
	<shortcut>
		<defaultID />
		<label>AMC</label>
		<label2>Favourite</label2>
		<icon>DefaultFolder.png</icon>
		<thumb>http://212.129.54.17:4040/assest/img/files/amc.png|User-Agent=Dalvik%2F2.1.0%20%28Linux%3B%20U%3B%20Android%205.1.1%3B%20AFTS%20Build%2FLVY48F%29</thumb>
		<action>PlayMedia("plugin://plugin.video.TBMV2/play/NDYzw/play.pvr",return)</action>
	</shortcut>
	<shortcut>
		<defaultID />
		<label>Bravo</label>
		<label2>Favourite</label2>
		<icon>DefaultFolder.png</icon>
		<thumb>http://212.129.54.17:4040/assest/img/files/bravo.png|User-Agent=Dalvik%2F2.1.0%20%28Linux%3B%20U%3B%20Android%205.1.1%3B%20AFTS%20Build%2FLVY48F%29</thumb>
		<action>PlayMedia("plugin://plugin.video.TBMV2/play/MTU1w/play.pvr",return)</action>
	</shortcut>
	<shortcut>
		<defaultID />
		<label>CBS</label>
		<label2>Favourite</label2>
		<icon>DefaultFolder.png</icon>
		<thumb>http://212.129.54.17:4040/assest/img/files/cbs.png|User-Agent=Dalvik%2F2.1.0%20%28Linux%3B%20U%3B%20Android%205.1.1%3B%20AFTS%20Build%2FLVY48F%29</thumb>
		<action>PlayMedia("plugin://plugin.video.TBMV2/play/NDY0w/play.pvr",return)</action>
	</shortcut>
	<shortcut>
		<defaultID />
		<label>FOX</label>
		<label2>Favourite</label2>
		<icon>DefaultFolder.png</icon>
		<thumb>http://212.129.54.17:4040/assest/img/files/fox.png|User-Agent=Dalvik%2F2.1.0%20%28Linux%3B%20U%3B%20Android%205.1.1%3B%20AFTS%20Build%2FLVY48F%29</thumb>
		<action>PlayMedia("plugin://plugin.video.TBMV2/play/MTUyw/play.pvr",return)</action>
	</shortcut>
	<shortcut>
		<defaultID />
		<label>FX</label>
		<label2>Favourite</label2>
		<icon>DefaultFolder.png</icon>
		<thumb>http://212.129.54.17:4040/assest/img/files/fx.png|User-Agent=Dalvik%2F2.1.0%20%28Linux%3B%20U%3B%20Android%205.1.1%3B%20AFTS%20Build%2FLVY48F%29</thumb>
		<action>PlayMedia("plugin://plugin.video.TBMV2/play/MTYww/play.pvr",return)</action>
	</shortcut>
	<shortcut>
		<defaultID />
		<label>HBO</label>
		<label2>Favourite</label2>
		<icon>DefaultFolder.png</icon>
		<thumb>http://212.129.54.17:4040/assest/img/files/hbo.png|User-Agent=Dalvik%2F2.1.0%20%28Linux%3B%20U%3B%20Android%205.1.1%3B%20AFTS%20Build%2FLVY48F%29</thumb>
		<action>PlayMedia("plugin://plugin.video.TBMV2/play/NDc=w/play.pvr",return)</action>
	</shortcut>
	<shortcut>
		<defaultID />
		<label>ShowTime</label>
		<label2>Favourite</label2>
		<icon>DefaultFolder.png</icon>
		<thumb>http://212.129.54.17:4040/assest/img/files/showtime.png|User-Agent=Dalvik%2F2.1.0%20%28Linux%3B%20U%3B%20Android%205.1.1%3B%20AFTS%20Build%2FLVY48F%29</thumb>
		<action>PlayMedia("plugin://plugin.video.TBMV2/play/MTMwOA==w/play.pvr",return)</action>
	</shortcut>
	<shortcut>
		<defaultID />
		<label>The CW</label>
		<label2>Favourite</label2>
		<icon>DefaultFolder.png</icon>
		<thumb>http://212.129.54.17:4040/assest/img/files/the_cw.png|User-Agent=Dalvik%2F2.1.0%20%28Linux%3B%20U%3B%20Android%205.1.1%3B%20AFTS%20Build%2FLVY48F%29</thumb>
		<action>PlayMedia("plugin://plugin.video.TBMV2/play/NDY4w/play.pvr",return)</action>
	</shortcut>
</shortcuts>
