<?xml version='1.0' encoding='UTF-8'?>
<shortcuts>
	<shortcut>
		<defaultID>plugin.video.fantastic</defaultID>
		<label>Fantastic</label>
		<label2>Video Add-On</label2>
		<icon>DefaultShortcut.png</icon>
		<thumb>image://%2fstorage%2femulated%2f0%2fAndroid%2fdata%2forg.xbmc.kodi%2ffiles%2f.kodi%2faddons%2fplugin.video.fantastic%2ficon.png/</thumb>
		<action>ActivateWindow(Videos,"plugin://plugin.video.fantastic",return)</action>
	</shortcut>
	<shortcut>
		<defaultID>plugin.video.wow</defaultID>
		<label>WOW</label>
		<label2>Video Add-On</label2>
		<icon>DefaultShortcut.png</icon>
		<thumb>image://%2fsdcard%2fkodi%2f.mygica%2faddons%2fplugin.video.wow%2ficon.png/</thumb>
		<action>ActivateWindow(Videos,"plugin://plugin.video.wow",return)</action>
	</shortcut>
	<shortcut>
		<defaultID>plugin.video.exodusredux</defaultID>
		<label>Exodus</label>
		<label2>Video Add-On</label2>
		<icon>DefaultShortcut.png</icon>
		<thumb>image://%2fsdcard%2fkodi%2f.mygica%2faddons%2fplugin.video.exodusredux%2ficon.png/</thumb>
		<action>ActivateWindow(Videos,"plugin://plugin.video.exodusredux",return)</action>
	</shortcut>
	<shortcut>
		<defaultID>plugin.video.neptune</defaultID>
		<label>Neptune Rising</label>
		<label2>Video Add-On</label2>
		<icon>DefaultShortcut.png</icon>
		<thumb>image://%2fsdcard%2fkodi%2f.mygica%2faddons%2fplugin.video.neptune%2ficon.png/</thumb>
		<action>ActivateWindow(Videos,"plugin://plugin.video.neptune",return)</action>
	</shortcut>
	<shortcut>
		<defaultID>plugin.video.Atriox</defaultID>
		<label>Atriox</label>
		<label2>Video Add-On</label2>
		<icon>DefaultShortcut.png</icon>
		<thumb>image://%2fsdcard%2fkodi%2f.mygica%2faddons%2fplugin.video.Atriox%2ficon.png/</thumb>
		<action>ActivateWindow(Videos,"plugin://plugin.video.Atriox",return)</action>
	</shortcut>
	<shortcut>
		<defaultID>plugin.video.youtube</defaultID>
		<label>YouTube</label>
		<label2>Video Add-On</label2>
		<icon>DefaultShortcut.png</icon>
		<thumb>image://%2fstorage%2femulated%2f0%2fAndroid%2fdata%2forg.xbmc.kodi%2ffiles%2f.kodi%2faddons%2fplugin.video.youtube%2ficon.png/</thumb>
		<action>ActivateWindow(Videos,"plugin://plugin.video.youtube",return)</action>
	</shortcut>
</shortcuts>
