<?xml version='1.0' encoding='UTF-8'?>
<shortcuts>
	<shortcut>
		<defaultID>chrome</defaultID>
		<label>Chrome</label>
		<label2>Favourite</label2>
		<icon>DefaultFolder.png</icon>
		<thumb>androidapp://sources/apps/com.android.chrome.png</thumb>
		<action>StartAndroidActivity("com.android.chrome")</action>
	</shortcut>
	<shortcut>
		<defaultID>morpheustv</defaultID>
		<label>Morpheus TV</label>
		<label2>Favourite</label2>
		<icon>DefaultFolder.png</icon>
		<thumb>androidapp://sources/apps/com.android.morpheustv.png</thumb>
		<action>StartAndroidActivity("com.android.morpheustv")</action>
	</shortcut>
	<shortcut>
		<defaultID>freeflixtv</defaultID>
		<label>FreeFlix TV</label>
		<label2>Favourite</label2>
		<icon>DefaultFolder.png</icon>
		<thumb>androidapp://sources/apps/com.tb.ffhqtv.png</thumb>
		<action>StartAndroidActivity("com.tb.ffhqtv")</action>
	</shortcut>
	<shortcut>
		<defaultID>tvtapfirestickpro</defaultID>
		<label>TVTAP</label>
		<label2>Favourite</label2>
		<icon>DefaultFolder.png</icon>
		<thumb>androidapp://sources/apps/com.newsbooks.firestick.png</thumb>
		<action>StartAndroidActivity("com.newsbooks.firestick")</action>
	</shortcut>
	<shortcut>
		<defaultID>livesoccertv</defaultID>
		<label>Live Soccer TV</label>
		<label2>Favourite</label2>
		<icon>DefaultFolder.png</icon>
		<thumb>androidapp://sources/apps/com.livesoccertv.png</thumb>
		<action>StartAndroidActivity("com.livesoccertv")</action>
	</shortcut>
	<shortcut>
		<defaultID>sportscheduletv</defaultID>
		<label>Sport Schedule TV</label>
		<label2>Favourite</label2>
		<icon>DefaultFolder.png</icon>
		<thumb>androidapp://sources/apps/com.schedule.sporttivi.png</thumb>
		<action>StartAndroidActivity("com.schedule.sporttivi")</action>
	</shortcut>
</shortcuts>
