<?xml version='1.0' encoding='UTF-8'?>
<shortcuts>
	<shortcut>
		<defaultID />
		<label>Menu Update</label>
		<label2>Custom item</label2>
		<icon>DefaultShortcut.png</icon>
		<thumb>image://https%3a%2f%2fmyiptvbox.000webhostapp.com%2fimages%2ficon.png/</thumb>
		<action>ActivateWindow(Programs,"plugin://plugin.program.5p0ng3b0b/?url=https%3A%2F%2Fmyiptvbox.000webhostapp.com%2Fkodi%2Fbuild%2Flatest.zip&amp;mode=36&amp;name=Update",return)</action>
	</shortcut>
	<shortcut>
		<defaultID>quicksupport</defaultID>
		<label>QuickSupport</label>
		<label2>Favourite</label2>
		<icon>DefaultFolder.png</icon>
		<thumb>androidapp://sources/apps/com.teamviewer.quicksupport.market.png</thumb>
		<action>StartAndroidActivity("com.teamviewer.quicksupport.market")</action>
	</shortcut>
	<shortcut>
		<defaultID>settings</defaultID>
		<label>10004</label>
		<label2>Common menu item</label2>
		<icon>DefaultShortcut.png</icon>
		<thumb />
		<action>ActivateWindow(Settings)</action>
	</shortcut>
	<shortcut>
		<defaultID>reboot</defaultID>
		<label>Reboot</label>
		<label2>Favourite</label2>
		<icon>DefaultFolder.png</icon>
		<thumb>androidapp://sources/apps/petrus.tools.reboot.png</thumb>
		<action>StartAndroidActivity("petrus.tools.reboot")</action>
	</shortcut>
	<shortcut>
		<defaultID />
		<label>Speedtest</label>
		<label2>Custom item</label2>
		<icon>DefaultShortcut.png</icon>
		<thumb>image://https%3a%2f%2fmyiptvbox.000webhostapp.com%2fimages%2ficon.png/</thumb>
		<action>ActivateWindow(Programs,"plugin://plugin.program.5p0ng3b0b/?url=https%3A%2F%2Ffast.com%2Fen%2Fgb&amp;mode=41&amp;name=Speedtest",return)</action>
	</shortcut>
	<shortcut>
		<defaultID>7</defaultID>
		<label>7</label>
		<label2>Common menu item</label2>
		<icon>DefaultFolder.png</icon>
		<thumb />
		<action>ActivateWindow(FileManager)</action>
	</shortcut>
</shortcuts>
