<?xml version='1.0' encoding='UTF-8'?>
<shortcuts>
	<shortcut>
		<defaultID>plugin.video.AresUFO</defaultID>
		<label>Ares UFO</label>
		<label2>Video Add-On</label2>
		<icon>DefaultShortcut.png</icon>
		<thumb>image://%2fstorage%2femulated%2f0%2fAndroid%2fdata%2forg.xbmc.kodi%2ffiles%2f.kodi%2faddons%2fplugin.video.AresUFO%2ficon.png/</thumb>
		<action>ActivateWindow(Videos,"plugin://plugin.video.AresUFO",return)</action>
	</shortcut>
	<shortcut>
		<defaultID>plugin.video.ufo.tv</defaultID>
		<label>UFO TV</label>
		<label2>Video Add-On</label2>
		<icon>DefaultShortcut.png</icon>
		<thumb>image://%2fstorage%2femulated%2f0%2fAndroid%2fdata%2forg.xbmc.kodi%2ffiles%2f.kodi%2faddons%2fplugin.video.ufo.tv%2ficon.png/</thumb>
		<action>ActivateWindow(Videos,"plugin://plugin.video.ufo.tv",return)</action>
	</shortcut>
	<shortcut>
		<defaultID>plugin.video.outofthisworld</defaultID>
		<label>Out of this World</label>
		<label2>Video Add-On</label2>
		<icon>DefaultShortcut.png</icon>
		<thumb>image://%2fstorage%2femulated%2f0%2fAndroid%2fdata%2forg.xbmc.kodi%2ffiles%2f.kodi%2faddons%2fplugin.video.outofthisworld%2ficon.png/</thumb>
		<action>ActivateWindow(Videos,"plugin://plugin.video.outofthisworld",return)</action>
	</shortcut>
	<shortcut>
		<defaultID>plugin.video.videodevil</defaultID>
		<label>XXX</label>
		<label2>Video Add-On</label2>
		<icon>DefaultShortcut.png</icon>
		<thumb>image://%2fsdcard%2fkodi%2f.mygica%2faddons%2fplugin.video.videodevil%2ficon.png/</thumb>
		<action>ActivateWindow(Videos,"plugin://plugin.video.videodevil",return)</action>
	</shortcut>
</shortcuts>
